{"test_return": -42.62493896484375, "IL_loss": 0.04076353833079338, "_timestamp": 1724322559.6842492, "_runtime": 297.08385014533997, "_step": 99, "_wandb": {"runtime": 296}}