{"halfcheetah-medium-expert-v2/normalized_score": 2.2567453384399414, "_timestamp": 1726948303.7487943, "_runtime": 181.90540027618408, "_step": 5000, "_wandb": {"runtime": 197}}