{"test_return": -143.59910583496094, "IL_loss": 0.0047083282843232155, "_timestamp": 1723947856.2562735, "_runtime": 689.368789434433, "_step": 99, "_wandb": {"runtime": 692}}