{"test_returns": -0.49658429622650146, "IL_loss": 0.04017690569162369, "_timestamp": 1724299929.6288953, "_runtime": 213.0444324016571, "_step": 99, "_wandb": {"runtime": 212}}