{"test_returns": -24.739177703857422, "IL_loss": 0.04017690569162369, "_timestamp": 1724308329.9114819, "_runtime": 213.91710996627808, "_step": 99, "_wandb": {"runtime": 213}}