{"test_return": -12.17298698425293, "IL_loss": 0.029469376429915428, "_timestamp": 1724317351.3496528, "_runtime": 277.8711528778076, "_step": 99, "_wandb": {"runtime": 277}}