{"test_return": -34.62852096557617, "IL_loss": 0.018677258864045143, "_timestamp": 1724306418.0117893, "_runtime": 669.0874893665314, "_step": 99, "_wandb": {"runtime": 668}}