{"test_return": -39.659996032714844, "IL_loss": 0.0566701665520668, "_timestamp": 1724312418.1885216, "_runtime": 219.28858757019043, "_step": 99, "_wandb": {"runtime": 219}}