{"test_return": -65.54501342773438, "IL_loss": 0.05236713960766792, "_timestamp": 1724310373.39912, "_runtime": 279.8443830013275, "_step": 99, "_wandb": {"runtime": 279}}