{"test_returns": -3.612550735473633, "IL_loss": 0.04017690569162369, "_timestamp": 1724299240.9448092, "_runtime": 212.96020913124084, "_step": 99, "_wandb": {"runtime": 212}}