{"test_return": -27.14837074279785, "IL_loss": 0.0566701665520668, "_timestamp": 1724289700.8105023, "_runtime": 222.78355836868286, "_step": 99, "_wandb": {"runtime": 222}}