{"test_return": -37.96302795410156, "IL_loss": 0.04076353833079338, "_timestamp": 1724300740.9264488, "_runtime": 278.64668679237366, "_step": 99, "_wandb": {"runtime": 278}}