{"virtual_returns": 10.0, "timestep": 70640, "updates": 883, "loss": 1.658383846282959, "q_loss": 0.7513043880462646, "v_loss": 0.0042440081015229225, "test_returns": 320.0, "test_virtual_returns": 273.7870788574219, "_timestamp": 1726545025.5175457, "_runtime": 116.39197373390198, "_step": 882, "_wandb": {"runtime": 119}}