{"test_return": -18.21603775024414, "IL_loss": 0.029469376429915428, "_timestamp": 1724302092.3001764, "_runtime": 279.1876404285431, "_step": 99, "_wandb": {"runtime": 278}}