{"test_return": -83.73129272460938, "IL_loss": 0.01474796887487173, "_timestamp": 1724321214.0435295, "_runtime": 669.1326565742493, "_step": 99, "_wandb": {"runtime": 668}}