{"virtual_returns": 10.0, "timestep": 100000, "updates": 1250, "loss": 1.6364941596984863, "q_loss": 0.7678691744804382, "v_loss": 0.003962695598602295, "test_returns": 320.0, "test_virtual_returns": 317.7985534667969, "_timestamp": 1726552693.993535, "_runtime": 177.62876296043396, "_step": 1249, "_wandb": {"runtime": 188}}