{"test_return": -60.022361755371094, "IL_loss": 0.05236713960766792, "_timestamp": 1724317944.792691, "_runtime": 280.4983379840851, "_step": 99, "_wandb": {"runtime": 280}}