{"test_return": -39.132225036621094, "IL_loss": 0.018677258864045143, "_timestamp": 1724327842.7951653, "_runtime": 712.8054902553558, "_step": 99, "_wandb": {"runtime": 712}}