{"test_returns": -1.2883296012878418, "IL_loss": 0.04017690569162369, "_timestamp": 1724310587.1425126, "_runtime": 214.90645146369934, "_step": 99, "_wandb": {"runtime": 214}}