{"test_return": -71.05171966552734, "IL_loss": 0.05236713960766792, "_timestamp": 1724317050.2590506, "_runtime": 277.7376706600189, "_step": 99, "_wandb": {"runtime": 277}}