{"test_return": -57.58879852294922, "IL_loss": 0.01474796887487173, "_timestamp": 1724298209.875161, "_runtime": 666.9526329040527, "_step": 99, "_wandb": {"runtime": 666}}