{"test_return": -31.57691192626953, "IL_loss": 0.037513766437768936, "_timestamp": 1724327112.61985, "_runtime": 281.56329894065857, "_step": 99, "_wandb": {"runtime": 281}}