{"test_returns": -5.3924760818481445, "IL_loss": 0.04017690569162369, "_timestamp": 1724306038.185822, "_runtime": 208.97621512413025, "_step": 99, "_wandb": {"runtime": 208}}