{"test_return": -7.1120147705078125, "IL_loss": 0.0750579833984375, "_timestamp": 1724291887.8777235, "_runtime": 220.1525683403015, "_step": 99, "_wandb": {"runtime": 219}}