{"test_returns": 10.958931922912598, "IL_loss": 0.04017690569162369, "_timestamp": 1724312650.217741, "_runtime": 212.46382212638855, "_step": 99, "_wandb": {"runtime": 212}}