{"test_returns": 8.735629081726074, "IL_loss": 0.04017690569162369, "_timestamp": 1724307877.4346752, "_runtime": 213.0685691833496, "_step": 99, "_wandb": {"runtime": 212}}