{"test_returns": -23.52312469482422, "IL_loss": 0.04017690569162369, "_timestamp": 1724294017.653653, "_runtime": 211.15303993225098, "_step": 99, "_wandb": {"runtime": 210}}