{"test_return": -30.01766586303711, "IL_loss": 0.0750579833984375, "_timestamp": 1724306886.2034168, "_runtime": 221.456063747406, "_step": 99, "_wandb": {"runtime": 221}}