{"test_return": -22.884496688842773, "IL_loss": 0.0750579833984375, "_timestamp": 1724293325.5432806, "_runtime": 219.02913165092468, "_step": 99, "_wandb": {"runtime": 218}}