{"test_return": -81.62566375732422, "IL_loss": 0.01474796887487173, "_timestamp": 1724326505.2266414, "_runtime": 661.6850953102112, "_step": 99, "_wandb": {"runtime": 661}}