{"test_return": -47.86182403564453, "IL_loss": 0.04076353833079338, "_timestamp": 1724300448.0899851, "_runtime": 277.0817971229553, "_step": 99, "_wandb": {"runtime": 276}}