{"test_returns": 0.6826205849647522, "IL_loss": 0.04017690569162369, "_timestamp": 1724303322.4587111, "_runtime": 207.44158816337585, "_step": 99, "_wandb": {"runtime": 207}}