{"test_returns": -35.638832092285156, "IL_loss": 0.046942878514528275, "_timestamp": 1724292892.426798, "_runtime": 264.7119560241699, "_step": 99, "_wandb": {"runtime": 264}}