{"test_return": -136.73684692382812, "IL_loss": 0.0047083282843232155, "_timestamp": 1724314459.159745, "_runtime": 660.5756449699402, "_step": 99, "_wandb": {"runtime": 660}}