{"test_returns": -28.42056655883789, "IL_loss": 0.04017690569162369, "_timestamp": 1724296281.7092237, "_runtime": 213.5932686328888, "_step": 99, "_wandb": {"runtime": 213}}