{"test_return": -21.693710327148438, "IL_loss": 0.029469376429915428, "_timestamp": 1724311267.3643482, "_runtime": 278.4743752479553, "_step": 99, "_wandb": {"runtime": 278}}