{"virtual_returns": 10.0, "timestep": 100000, "updates": 1250, "loss": 7.729546546936035, "q_loss": 5.066978931427002, "v_loss": 1.5061430931091309, "test_virtual_returns": 1918.442138671875, "_timestamp": 1726493197.9555182, "_runtime": 188.67951917648315, "_step": 1249, "_wandb": {"runtime": 188}}