{"test_return": -37.421478271484375, "IL_loss": 0.0566701665520668, "_timestamp": 1724316080.89408, "_runtime": 223.51033091545105, "_step": 99, "_wandb": {"runtime": 223}}