{"test_return": -26.8638916015625, "IL_loss": 0.029469376429915428, "_timestamp": 1724298501.9011803, "_runtime": 279.2028443813324, "_step": 99, "_wandb": {"runtime": 278}}