{"test_return": -16.500303268432617, "IL_loss": 0.04496641829609871, "_timestamp": 1723945685.6652997, "_runtime": 252.18364667892456, "_step": 99, "_wandb": {"runtime": 254}}