{"test_returns": -22.278263092041016, "IL_loss": 0.04017690569162369, "_timestamp": 1724303990.0304005, "_runtime": 208.34424948692322, "_step": 99, "_wandb": {"runtime": 208}}