{"test_return": -28.117305755615234, "IL_loss": 0.029469376429915428, "_timestamp": 1724303593.2372243, "_runtime": 277.5018723011017, "_step": 99, "_wandb": {"runtime": 277}}