{"test_return": -12.195602416992188, "IL_loss": 0.029469376429915428, "_timestamp": 1724292182.5629392, "_runtime": 280.18017625808716, "_step": 99, "_wandb": {"runtime": 280}}