{"returns": -92735.265625, "timestep": 5000000, "updates": 625, "loss": 16687.263671875, "q_loss": 116.1869125366211, "v_loss": 5.232917308807373, "_timestamp": 1726142861.2361505, "_runtime": 7442.501482486725, "_step": 3124, "_wandb": {"runtime": 7624}}