{"test_return": -6.123501777648926, "IL_loss": 0.0750579833984375, "_timestamp": 1724322246.57908, "_runtime": 232.17244720458984, "_step": 99, "_wandb": {"runtime": 231}}