{"virtual_returns": 10.0, "timestep": 100000, "updates": 1250, "loss": 3.782059907913208, "q_loss": 6.716543197631836, "v_loss": 2.663496494293213, "test_virtual_returns": 1918.4429931640625, "_timestamp": 1726490584.4914086, "_runtime": 182.5698344707489, "_step": 1249, "_wandb": {"runtime": 182}}