{"test_returns": -7.421515464782715, "IL_loss": 0.04017690569162369, "_timestamp": 1724310359.3524888, "_runtime": 214.75852870941162, "_step": 99, "_wandb": {"runtime": 214}}