{"test_return": -22.501068115234375, "IL_loss": 0.029469376429915428, "_timestamp": 1724318535.0583475, "_runtime": 277.495801448822, "_step": 99, "_wandb": {"runtime": 277}}