{"test_returns": 0.3645237982273102, "IL_loss": 0.033215854316949844, "_timestamp": 1724290359.136606, "_runtime": 263.7748839855194, "_step": 99, "_wandb": {"runtime": 263}}