{"virtual_returns": 10.0, "timestep": 100000, "updates": 1250, "loss": 14.217168807983398, "q_loss": 2.5394222736358643, "v_loss": 0.7717715501785278, "test_virtual_returns": 1918.4461669921875, "_timestamp": 1726504181.2245975, "_runtime": 179.5810604095459, "_step": 1249, "_wandb": {"runtime": 179}}