{"test_returns": -6.401464462280273, "IL_loss": 0.04017690569162369, "_timestamp": 1724307650.0755062, "_runtime": 215.13914132118225, "_step": 99, "_wandb": {"runtime": 214}}