{"test_return": -19.236190795898438, "IL_loss": 0.04496641829609871, "_timestamp": 1723946987.3008535, "_runtime": 216.05994653701782, "_step": 99, "_wandb": {"runtime": 219}}