{"test_return": -56.83421325683594, "IL_loss": 0.01474796887487173, "_timestamp": 1724294682.9072232, "_runtime": 660.8887913227081, "_step": 99, "_wandb": {"runtime": 660}}