{"test_return": -29.477977752685547, "IL_loss": 0.037513766437768936, "_timestamp": 1724320295.3286362, "_runtime": 228.9812490940094, "_step": 99, "_wandb": {"runtime": 228}}