{"test_return": -47.986289978027344, "IL_loss": 0.05236713960766792, "_timestamp": 1724303300.2309124, "_runtime": 279.1397123336792, "_step": 99, "_wandb": {"runtime": 279}}