{"test_returns": -14.187597274780273, "IL_loss": 0.04017690569162369, "_timestamp": 1724301961.5842056, "_runtime": 212.8610017299652, "_step": 99, "_wandb": {"runtime": 213}}