{"test_return": -16.258193969726562, "IL_loss": 0.029469376429915428, "_timestamp": 1724318240.239342, "_runtime": 277.54832005500793, "_step": 99, "_wandb": {"runtime": 277}}