{"test_returns": -16.292373657226562, "IL_loss": 0.04017690569162369, "_timestamp": 1724301284.4437015, "_runtime": 213.4883255958557, "_step": 99, "_wandb": {"runtime": 213}}