{"test_returns": -6.599858283996582, "IL_loss": 0.04017690569162369, "_timestamp": 1724294463.972794, "_runtime": 208.47158813476562, "_step": 99, "_wandb": {"runtime": 208}}