{"test_returns": -6.740008354187012, "IL_loss": 0.04017690569162369, "_timestamp": 1724307412.6296473, "_runtime": 209.388569355011, "_step": 99, "_wandb": {"runtime": 209}}