{"test_return": -46.391334533691406, "IL_loss": 0.018677258864045143, "_timestamp": 1724309399.9518454, "_runtime": 664.8044044971466, "_step": 99, "_wandb": {"runtime": 664}}