{"test_return": -34.75169372558594, "IL_loss": 0.037513766437768936, "_timestamp": 1724320530.6949916, "_runtime": 220.6072165966034, "_step": 99, "_wandb": {"runtime": 220}}