{"test_return": 1146.6610107421875, "IL_loss": 0.0003665339609142393, "_timestamp": 1726767263.44874, "_runtime": 1989.0255899429321, "_step": 99, "_wandb": {"runtime": 1991}}