{"test_return": -26.721755981445312, "IL_loss": 0.037513766437768936, "_timestamp": 1724294916.1769474, "_runtime": 219.17098546028137, "_step": 99, "_wandb": {"runtime": 218}}