{"test_returns": 1.0911450386047363, "IL_loss": 0.04017690569162369, "_timestamp": 1724304909.0318484, "_runtime": 214.7970004081726, "_step": 99, "_wandb": {"runtime": 213}}