{"virtual_returns": 10.0, "timestep": 100000, "updates": 1250, "loss": 8.240372657775879, "q_loss": 2.8204116821289062, "v_loss": 0.8489279747009277, "test_virtual_returns": 1918.4447021484375, "_timestamp": 1726491395.9737747, "_runtime": 183.30720472335815, "_step": 1249, "_wandb": {"runtime": 183}}