{"test_returns": -16.66571807861328, "IL_loss": 0.033215854316949844, "_timestamp": 1724292383.848136, "_runtime": 261.43717098236084, "_step": 99, "_wandb": {"runtime": 261}}