{"test_return": -3.420449733734131, "IL_loss": 0.029469376429915428, "_timestamp": 1724319065.4835749, "_runtime": 278.33433175086975, "_step": 99, "_wandb": {"runtime": 278}}