{"test_returns": 11.849210739135742, "IL_loss": 0.04017690569162369, "_timestamp": 1724302192.9788625, "_runtime": 213.80087757110596, "_step": 99, "_wandb": {"runtime": 213}}