{"test_return": -34.44537353515625, "IL_loss": 0.037513766437768936, "_timestamp": 1724308247.8781683, "_runtime": 219.27741241455078, "_step": 99, "_wandb": {"runtime": 219}}