{"test_return": -18.52669906616211, "IL_loss": 0.029469376429915428, "_timestamp": 1724319374.347531, "_runtime": 293.17673802375793, "_step": 99, "_wandb": {"runtime": 292}}