{"test_return": -20.00888442993164, "IL_loss": 0.0566701665520668, "_timestamp": 1724307713.207905, "_runtime": 220.73036003112793, "_step": 99, "_wandb": {"runtime": 220}}