{"test_return": -20.361347198486328, "IL_loss": 0.037513766437768936, "_timestamp": 1724303006.963252, "_runtime": 220.12579917907715, "_step": 99, "_wandb": {"runtime": 219}}