{"test_returns": -22.278263092041016, "IL_loss": 0.04017690569162369, "_timestamp": 1724304224.4603682, "_runtime": 210.19883108139038, "_step": 99, "_wandb": {"runtime": 209}}