{"test_returns": 10.39111328125, "IL_loss": 0.04017690569162369, "_timestamp": 1724302877.007769, "_runtime": 210.25006914138794, "_step": 99, "_wandb": {"runtime": 210}}