{"test_returns": -0.9864658713340759, "IL_loss": 0.04017690569162369, "_timestamp": 1724308998.4946735, "_runtime": 213.57283353805542, "_step": 99, "_wandb": {"runtime": 213}}