{"test_return": -53.431922912597656, "IL_loss": 0.05236713960766792, "_timestamp": 1724321765.3126066, "_runtime": 279.66309547424316, "_step": 99, "_wandb": {"runtime": 278}}