{"test_returns": -17.29168701171875, "IL_loss": 0.04017690569162369, "_timestamp": 1724300156.0248425, "_runtime": 210.61104941368103, "_step": 99, "_wandb": {"runtime": 210}}