{"test_return": -79.04685974121094, "IL_loss": 0.01474796887487173, "_timestamp": 1724320050.3860734, "_runtime": 662.2413783073425, "_step": 99, "_wandb": {"runtime": 662}}