{"test_returns": -11.638923645019531, "IL_loss": 0.04017690569162369, "_timestamp": 1724305135.5835807, "_runtime": 213.29398369789124, "_step": 99, "_wandb": {"runtime": 213}}