{"test_return": -22.14324951171875, "IL_loss": 0.029469376429915428, "_timestamp": 1724301503.1964126, "_runtime": 278.19095945358276, "_step": 99, "_wandb": {"runtime": 278}}