{"test_returns": 13.663045883178711, "IL_loss": 0.04017690569162369, "_timestamp": 1724313559.3182595, "_runtime": 217.14578437805176, "_step": 99, "_wandb": {"runtime": 216}}