{"test_return": -35.029510498046875, "IL_loss": 0.0566701665520668, "_timestamp": 1724289187.6863472, "_runtime": 269.43323826789856, "_step": 99, "_wandb": {"runtime": 269}}