{"test_returns": -8.4613676071167, "IL_loss": 0.04017690569162369, "_timestamp": 1724298559.3572092, "_runtime": 210.64984130859375, "_step": 99, "_wandb": {"runtime": 210}}