{"test_returns": -11.649613380432129, "IL_loss": 0.04017690569162369, "_timestamp": 1724310812.6832714, "_runtime": 211.77072143554688, "_step": 99, "_wandb": {"runtime": 209}}