{"test_return": -43.489173889160156, "IL_loss": 0.018677258864045143, "_timestamp": 1724305192.0205445, "_runtime": 666.3983955383301, "_step": 99, "_wandb": {"runtime": 666}}