{"test_return": -31.90579605102539, "IL_loss": 0.018677258864045143, "_timestamp": 1724297528.070943, "_runtime": 664.468239068985, "_step": 99, "_wandb": {"runtime": 664}}