{"test_returns": -11.261209487915039, "IL_loss": 0.04017690569162369, "_timestamp": 1724294688.0501015, "_runtime": 208.81992554664612, "_step": 99, "_wandb": {"runtime": 208}}