{"test_return": -1164.3038330078125, "IL_loss": 0.0027898859698325396, "_timestamp": 1726764104.5298803, "_runtime": 1467.1848542690277, "_step": 65}