{"test_return": -1185.6632080078125, "IL_loss": 0.002141745761036873, "_timestamp": 1726764849.8155062, "_runtime": 2212.4704802036285, "_step": 99, "_wandb": {"runtime": 2216}}