{"test_return": -60.687137603759766, "IL_loss": 0.01474796887487173, "_timestamp": 1724290384.8486145, "_runtime": 668.183940410614, "_step": 99, "_wandb": {"runtime": 668}}