{"test_return": null, "IL_loss": 0.002967829117551446, "_timestamp": 1726849095.192805, "_runtime": 1651.0537149906158, "_step": 99, "_wandb": {"runtime": 1652}}