{"test_return": -83.73129272460938, "IL_loss": 0.01474796887487173, "_timestamp": 1724325826.7897236, "_runtime": 665.6013536453247, "_step": 99, "_wandb": {"runtime": 665}}