{"test_returns": 1.8496721982955933, "IL_loss": 0.04017690569162369, "_timestamp": 1724299701.0810804, "_runtime": 214.93550848960876, "_step": 99, "_wandb": {"runtime": 214}}