{"test_returns": 5.025308132171631, "IL_loss": 0.04017690569162369, "_timestamp": 1724303543.3167953, "_runtime": 206.94032430648804, "_step": 99, "_wandb": {"runtime": 206}}