{"test_return": -10.968360900878906, "IL_loss": 0.029469376429915428, "_timestamp": 1724308005.2295492, "_runtime": 277.4451241493225, "_step": 99, "_wandb": {"runtime": 277}}