{"test_returns": 5.988024711608887, "IL_loss": 0.04017690569162369, "_timestamp": 1724312877.1320906, "_runtime": 212.64827752113342, "_step": 99, "_wandb": {"runtime": 212}}