{"test_returns": -22.76658821105957, "IL_loss": 0.06724175065755844, "_timestamp": 1724292613.4202847, "_runtime": 215.25941467285156, "_step": 99, "_wandb": {"runtime": 215}}