{"test_return": -51.38448715209961, "IL_loss": 0.018677258864045143, "_timestamp": 1724324222.1128364, "_runtime": 668.6384234428406, "_step": 99, "_wandb": {"runtime": 668}}