{"test_return": -50.93788146972656, "IL_loss": 0.018677258864045143, "_timestamp": 1724323239.7033286, "_runtime": 667.0332856178284, "_step": 99, "_wandb": {"runtime": 666}}