{"test_returns": -8.345439910888672, "IL_loss": 0.04017690569162369, "_timestamp": 1724300828.6665125, "_runtime": 211.13743448257446, "_step": 99, "_wandb": {"runtime": 210}}