{"test_returns": 14.344426155090332, "IL_loss": 0.04017690569162369, "_timestamp": 1724311740.136954, "_runtime": 215.63628816604614, "_step": 99, "_wandb": {"runtime": 215}}