{"test_returns": 9.029609680175781, "IL_loss": 0.04017690569162369, "_timestamp": 1724298332.2394655, "_runtime": 210.17813754081726, "_step": 99, "_wandb": {"runtime": 210}}