{"test_returns": -43.61994934082031, "IL_loss": 0.02445243112742901, "_timestamp": 1724291098.0087693, "_runtime": 355.12705421447754, "_step": 99, "_wandb": {"runtime": 353}}