{"test_return": -60.35905456542969, "IL_loss": 0.01474796887487173, "_timestamp": 1724310079.2814937, "_runtime": 664.9921295642853, "_step": 99, "_wandb": {"runtime": 664}}