{"test_returns": 14.915457725524902, "IL_loss": 0.04017690569162369, "_timestamp": 1724305814.812347, "_runtime": 209.562726020813, "_step": 99, "_wandb": {"runtime": 209}}