{"test_returns": -20.758987426757812, "IL_loss": 0.04017690569162369, "_timestamp": 1724295817.7156792, "_runtime": 213.18794512748718, "_step": 99, "_wandb": {"runtime": 213}}