{"test_return": -19.421859741210938, "IL_loss": 0.029469376429915428, "_timestamp": 1724291654.2000735, "_runtime": 279.3914155960083, "_step": 99, "_wandb": {"runtime": 279}}