{"test_returns": 10.39111328125, "IL_loss": 0.04017690569162369, "_timestamp": 1724297647.636966, "_runtime": 212.51297402381897, "_step": 99, "_wandb": {"runtime": 212}}