{"test_returns": -5.6705427169799805, "IL_loss": 0.04017690569162369, "_timestamp": 1724306959.4429376, "_runtime": 212.3729956150055, "_step": 99, "_wandb": {"runtime": 211}}