{"test_return": -16.407302856445312, "IL_loss": 0.0750579833984375, "_timestamp": 1724308719.0705159, "_runtime": 219.05697798728943, "_step": 99, "_wandb": {"runtime": 218}}