{"test_returns": -7.502631664276123, "IL_loss": 0.04017690569162369, "_timestamp": 1724306733.641105, "_runtime": 211.11964082717896, "_step": 99, "_wandb": {"runtime": 210}}