{"test_returns": -16.687885284423828, "IL_loss": 0.04017690569162369, "_timestamp": 1724297421.860675, "_runtime": 210.54969120025635, "_step": 99, "_wandb": {"runtime": 210}}