{"test_return": -191.7093505859375, "IL_loss": 0.0047083282843232155, "_timestamp": 1724291356.6178691, "_runtime": 665.0596611499786, "_step": 99, "_wandb": {"runtime": 664}}