{"test_returns": -11.910505294799805, "IL_loss": 0.04017690569162369, "_timestamp": 1724300379.1195686, "_runtime": 210.03371453285217, "_step": 99, "_wandb": {"runtime": 209}}