{"test_return": -22.386587142944336, "IL_loss": 0.0566701665520668, "_timestamp": 1724305734.0040205, "_runtime": 219.75170755386353, "_step": 99, "_wandb": {"runtime": 219}}