{"test_returns": 10.394845962524414, "IL_loss": 0.04017690569162369, "_timestamp": 1724297195.843939, "_runtime": 208.8005440235138, "_step": 99, "_wandb": {"runtime": 208}}