{"test_return": 1161.99072265625, "IL_loss": 0.0003665339609142393, "_timestamp": 1726866816.6696427, "_runtime": 1995.6494576931, "_step": 99, "_wandb": {"runtime": 1997}}