{"test_return": -36.360172271728516, "IL_loss": 0.018677258864045143, "_timestamp": 1724288666.547412, "_runtime": 661.4123170375824, "_step": 99, "_wandb": {"runtime": 661}}