{"test_returns": 6.3179931640625, "IL_loss": 0.04017690569162369, "_timestamp": 1724308103.675174, "_runtime": 209.88636302947998, "_step": 99, "_wandb": {"runtime": 209}}