{"test_returns": -0.6177046895027161, "IL_loss": 0.04017690569162369, "_timestamp": 1724294242.980807, "_runtime": 210.10627007484436, "_step": 99, "_wandb": {"runtime": 209}}