{"_wandb": {"runtime": 70}, "training/actor_loss": -2.6092889308929443, "training/critic_loss": 22.679845809936523, "_timestamp": 1726954898.0122898, "_runtime": 64.30114674568176, "_step": 10000}