{"test_return": -32.11500930786133, "IL_loss": 0.0566701665520668, "_timestamp": 1724288902.0008717, "_runtime": 222.45115876197815, "_step": 99, "_wandb": {"runtime": 222}}