{"test_returns": -9.04167652130127, "IL_loss": 0.04017690569162369, "_timestamp": 1724301054.2241294, "_runtime": 208.9723663330078, "_step": 99, "_wandb": {"runtime": 208}}