{"test_returns": -8.183280944824219, "IL_loss": 0.04017690569162369, "_timestamp": 1724297876.4584172, "_runtime": 212.70471811294556, "_step": 99, "_wandb": {"runtime": 212}}