{"test_return": -25.096355438232422, "IL_loss": 0.037513766437768936, "_timestamp": 1724318770.6289444, "_runtime": 219.2181212902069, "_step": 99, "_wandb": {"runtime": 218}}