{"_wandb": {"runtime": 74}, "training/actor_loss": -2.6092889308929443, "training/critic_loss": 22.679845809936523, "_timestamp": 1726954858.613324, "_runtime": 75.09402298927307, "_step": 10000}