{"test_return": -65.11602783203125, "IL_loss": 0.05236713960766792, "_timestamp": 1724317645.3388348, "_runtime": 277.8370108604431, "_step": 99, "_wandb": {"runtime": 277}}