{"test_returns": -8.089226722717285, "IL_loss": 0.04017690569162369, "_timestamp": 1724296511.0203636, "_runtime": 212.07475352287292, "_step": 99, "_wandb": {"runtime": 211}}