{"test_returns": -10.889098167419434, "IL_loss": 0.04017690569162369, "_timestamp": 1724295361.3013027, "_runtime": 211.0288496017456, "_step": 99, "_wandb": {"runtime": 210}}