{"test_returns": 20.339496612548828, "IL_loss": 0.04017690569162369, "_timestamp": 1724301732.9215183, "_runtime": 210.35929036140442, "_step": 99, "_wandb": {"runtime": 210}}