{"test_returns": -4.720849990844727, "IL_loss": 0.04017690569162369, "_timestamp": 1724309223.4215102, "_runtime": 210.0782012939453, "_step": 99, "_wandb": {"runtime": 209}}