{"test_return": -34.010536193847656, "IL_loss": 0.0566701665520668, "_timestamp": 1724322000.9623222, "_runtime": 220.32916712760925, "_step": 99, "_wandb": {"runtime": 220}}