{"test_returns": -6.693360328674316, "IL_loss": 0.04017690569162369, "_timestamp": 1724305360.7031484, "_runtime": 208.5524754524231, "_step": 99, "_wandb": {"runtime": 208}}