{"test_return": -37.21486282348633, "IL_loss": 0.0566701665520668, "_timestamp": 1724325147.5041738, "_runtime": 223.03829264640808, "_step": 99, "_wandb": {"runtime": 222}}