{"test_return": -31.369674682617188, "IL_loss": 0.04076353833079338, "_timestamp": 1724295206.6421087, "_runtime": 278.22975158691406, "_step": 99, "_wandb": {"runtime": 278}}