{"training/actor_loss": -2.182570219039917, "training/critic_loss": 25.716609954833984, "_timestamp": 1727034384.1867049, "training/alpha": 1.0, "_runtime": 456.2187919616699, "_step": 205000, "halfcheetah-medium-expert-v2/normalized_score": 62.0883903503418, "_wandb": {"runtime": 456}}