{"test_return": -25.818496704101562, "IL_loss": 0.029469376429915428, "_timestamp": 1724305491.857333, "_runtime": 278.4571678638458, "_step": 99, "_wandb": {"runtime": 278}}