{"test_return": -46.391334533691406, "IL_loss": 0.018677258864045143, "_timestamp": 1724299182.8944287, "_runtime": 664.2299077510834, "_step": 99, "_wandb": {"runtime": 664}}