{"test_return": -141.14854431152344, "IL_loss": 0.0047083282843232155, "_timestamp": 1724292860.2869565, "_runtime": 664.5867235660553, "_step": 99, "_wandb": {"runtime": 664}}