{"test_returns": -3.5809733867645264, "IL_loss": 0.04017690569162369, "_timestamp": 1724309902.1974847, "_runtime": 209.72223782539368, "_step": 99, "_wandb": {"runtime": 209}}