{"test_return": -46.18761444091797, "IL_loss": 0.04076353833079338, "_timestamp": 1724307481.8515103, "_runtime": 286.83486318588257, "_step": 99, "_wandb": {"runtime": 286}}