{"test_returns": 11.07712173461914, "IL_loss": 0.04017690569162369, "_timestamp": 1724307186.155899, "_runtime": 214.38570404052734, "_step": 99, "_wandb": {"runtime": 214}}