{"test_returns": -5.449038505554199, "IL_loss": 0.033215854316949844, "_timestamp": 1724291374.7710304, "_runtime": 263.6576204299927, "_step": 99, "_wandb": {"runtime": 263}}