{"test_returns": 10.39111328125, "IL_loss": 0.04017690569162369, "_timestamp": 1724294912.4921644, "_runtime": 211.83732748031616, "_step": 99, "_wandb": {"runtime": 211}}