{"test_return": -15.53005599975586, "IL_loss": 0.037513766437768936, "_timestamp": 1724315606.7521174, "_runtime": 218.9307165145874, "_step": 99, "_wandb": {"runtime": 218}}