{"test_returns": -16.35103988647461, "IL_loss": 0.04017690569162369, "_timestamp": 1724300603.3515801, "_runtime": 209.45482516288757, "_step": 99, "_wandb": {"runtime": 209}}