{"virtual_returns": 10.0, "timestep": 100000, "updates": 1250, "loss": 8.47508716583252, "q_loss": 2.5287678241729736, "v_loss": 0.7157459259033203, "test_virtual_returns": 1923.7041015625, "_timestamp": 1726504380.1754003, "_runtime": 183.19856333732605, "_step": 1249, "_wandb": {"runtime": 183}}