{"test_return": -139.71725463867188, "IL_loss": 0.0047083282843232155, "_timestamp": 1724316759.551261, "_runtime": 660.8573570251465, "_step": 99, "_wandb": {"runtime": 660}}