{"test_returns": 9.773154258728027, "IL_loss": 0.04017690569162369, "_timestamp": 1724308550.3169236, "_runtime": 209.12242555618286, "_step": 99, "_wandb": {"runtime": 208}}