{"test_returns": 3.493109941482544, "IL_loss": 0.04017690569162369, "_timestamp": 1724296045.266944, "_runtime": 210.29684281349182, "_step": 99, "_wandb": {"runtime": 210}}