{"test_return": 1152.6943359375, "IL_loss": 0.0003665339609142393, "_timestamp": 1726769731.7288857, "_runtime": 1981.6018426418304, "_step": 99, "_wandb": {"runtime": 1990}}