{"test_returns": -13.755359649658203, "IL_loss": 0.0425831638276577, "_timestamp": 1724290722.7486176, "_runtime": 350.58056354522705, "_step": 99, "_wandb": {"runtime": 350}}