{"test_return": -20.011581420898438, "IL_loss": 0.0566701665520668, "_timestamp": 1724308484.3470125, "_runtime": 221.97594356536865, "_step": 99, "_wandb": {"runtime": 221}}