{"test_returns": -6.949517250061035, "IL_loss": 0.04017690569162369, "_timestamp": 1724296971.7098997, "_runtime": 209.3092906475067, "_step": 99, "_wandb": {"runtime": 209}}