{"_wandb": {"runtime": 48}, "training/actor_loss": -1.193806529045105, "training/critic_loss": 22.763402938842773, "_timestamp": 1726980320.5711708, "_runtime": 48.4812228679657, "_step": 1000}