{"test_return": -24.521747589111328, "IL_loss": 0.0566701665520668, "_timestamp": 1724315841.0154808, "_runtime": 220.37105584144592, "_step": 99, "_wandb": {"runtime": 220}}