{"test_return": -129.46554565429688, "IL_loss": 0.0047083282843232155, "_timestamp": 1724295884.2291033, "_runtime": 664.3070204257965, "_step": 99, "_wandb": {"runtime": 664}}