{"test_returns": -8.020061492919922, "IL_loss": 0.04017690569162369, "_timestamp": 1724295591.2496517, "_runtime": 212.35840678215027, "_step": 99, "_wandb": {"runtime": 212}}