{"test_returns": 7.8361430168151855, "IL_loss": 0.04017690569162369, "_timestamp": 1724311049.5428605, "_runtime": 213.88767051696777, "_step": 99, "_wandb": {"runtime": 213}}