{"virtual_returns": 10.0, "timestep": 100000, "updates": 1250, "loss": 4.530182361602783, "q_loss": 7.730942726135254, "v_loss": 3.268761157989502, "test_virtual_returns": 1923.704345703125, "_timestamp": 1726503767.1902065, "_runtime": 176.89567160606384, "_step": 1249, "_wandb": {"runtime": 176}}