{"test_return": -25.22987937927246, "IL_loss": 0.0750579833984375, "_timestamp": 1724293092.7750864, "_runtime": 219.99267148971558, "_step": 99, "_wandb": {"runtime": 219}}