{"test_returns": 9.267858505249023, "IL_loss": 0.04017690569162369, "_timestamp": 1724306500.850885, "_runtime": 215.44875192642212, "_step": 99, "_wandb": {"runtime": 215}}