{"test_return": -60.35905456542969, "IL_loss": 0.01474796887487173, "_timestamp": 1724313101.0828824, "_runtime": 661.7055284976959, "_step": 99, "_wandb": {"runtime": 661}}