{"test_returns": -6.134551048278809, "IL_loss": 0.04017690569162369, "_timestamp": 1724313103.5501842, "_runtime": 210.16161513328552, "_step": 99, "_wandb": {"runtime": 209}}