{"test_returns": 10.384954452514648, "IL_loss": 0.04017690569162369, "_timestamp": 1724313326.0754018, "_runtime": 208.704687833786, "_step": 99, "_wandb": {"runtime": 208}}