{"test_returns": 9.335582733154297, "IL_loss": 0.04017690569162369, "_timestamp": 1724306268.9401984, "_runtime": 215.05215048789978, "_step": 99, "_wandb": {"runtime": 214}}