{"test_return": -49.009376525878906, "IL_loss": 0.018677258864045143, "_timestamp": 1724313778.4191272, "_runtime": 660.9886982440948, "_step": 99, "_wandb": {"runtime": 660}}