{"test_return": -45.72126007080078, "IL_loss": 0.04076353833079338, "_timestamp": 1724301798.6192818, "_runtime": 278.7888226509094, "_step": 99, "_wandb": {"runtime": 278}}