{"test_return": -36.697357177734375, "IL_loss": 0.04076353833079338, "_timestamp": 1724307181.0496912, "_runtime": 277.69361329078674, "_step": 99, "_wandb": {"runtime": 277}}