{"test_returns": -2.8330764770507812, "IL_loss": 0.04017690569162369, "_timestamp": 1724303100.6712806, "_runtime": 211.67586970329285, "_step": 99, "_wandb": {"runtime": 211}}