{"test_return": -16.715984344482422, "IL_loss": 0.0750579833984375, "_timestamp": 1724306651.4694612, "_runtime": 220.43340420722961, "_step": 99, "_wandb": {"runtime": 220}}