{"test_return": -20.27656364440918, "IL_loss": 0.04076353833079338, "_timestamp": 1724310672.3478484, "_runtime": 283.7329013347626, "_step": 99, "_wandb": {"runtime": 283}}