{"test_return": -33.527313232421875, "IL_loss": 0.04076353833079338, "_timestamp": 1724323530.1110783, "_runtime": 277.4789583683014, "_step": 99, "_wandb": {"runtime": 277}}