{"test_return": -74.16041564941406, "IL_loss": 0.01474796887487173, "_timestamp": 1724287989.7009194, "_runtime": 669.5914723873138, "_step": 99, "_wandb": {"runtime": 669}}