{"_wandb": {"runtime": 63}, "training/actor_loss": -1.243070125579834, "training/critic_loss": 2.5454554557800293, "_timestamp": 1726886946.2995942, "_runtime": 59.46582627296448, "_step": 1000}