{"test_return": -28.501426696777344, "IL_loss": 0.037513766437768936, "_timestamp": 1724301209.2772384, "_runtime": 222.45518040657043, "_step": 99, "_wandb": {"runtime": 221}}