{"test_returns": -20.33854866027832, "IL_loss": 0.04017690569162369, "_timestamp": 1724303764.780335, "_runtime": 207.71228790283203, "_step": 99, "_wandb": {"runtime": 207}}