{"test_returns": 17.925817489624023, "IL_loss": 0.04017690569162369, "_timestamp": 1724302421.3883252, "_runtime": 211.35104727745056, "_step": 99, "_wandb": {"runtime": 211}}