{"training/actor_loss": -2.2439920902252197, "training/critic_loss": 22.504701614379883, "_timestamp": 1727034689.232921, "training/alpha": 1.0, "_runtime": 223.62602996826172, "_step": 90000, "halfcheetah-medium-expert-v2/normalized_score": 56.36224365234375, "_wandb": {"runtime": 227}}