{"virtual_returns": 10.0, "timestep": 100000, "updates": 1250, "loss": 1955000.125, "q_loss": 2.503368616104126, "v_loss": 0.6931465864181519, "test_virtual_returns": 1923.7042236328125, "_timestamp": 1726499365.1826553, "_runtime": 184.81163334846497, "_step": 1249, "_wandb": {"runtime": 184}}