{"test_returns": 3.0277178287506104, "IL_loss": 0.04017690569162369, "_timestamp": 1724312412.894971, "_runtime": 214.0734508037567, "_step": 99, "_wandb": {"runtime": 213}}