{"test_returns": 8.990222930908203, "IL_loss": 0.04017690569162369, "_timestamp": 1724299011.1869507, "_runtime": 213.80773377418518, "_step": 99, "_wandb": {"runtime": 213}}