{"test_returns": 8.604558944702148, "IL_loss": 0.04017690569162369, "_timestamp": 1724309675.8143835, "_runtime": 209.0819776058197, "_step": 99, "_wandb": {"runtime": 208}}