{"test_return": -1183.47900390625, "IL_loss": 0.012396800331771374, "_timestamp": 1726765162.0117726, "_runtime": 262.4813015460968, "_step": 10, "_wandb": {"runtime": 287}}