{"test_return": -25.704345703125, "IL_loss": 0.037513766437768936, "_timestamp": 1724289463.7663975, "_runtime": 261.5584075450897, "_step": 99, "_wandb": {"runtime": 261}}