{"test_returns": 9.247480392456055, "IL_loss": 0.04017690569162369, "_timestamp": 1724302651.671986, "_runtime": 213.70750498771667, "_step": 99, "_wandb": {"runtime": 213}}