{"test_return": -83.73129272460938, "IL_loss": 0.01474796887487173, "_timestamp": 1724324907.8796635, "_runtime": 668.8845183849335, "_step": 99, "_wandb": {"runtime": 668}}