{"test_return": -30.18686294555664, "IL_loss": 0.037513766437768936, "_timestamp": 1724314697.964534, "_runtime": 223.35649609565735, "_step": 99, "_wandb": {"runtime": 223}}