{"test_returns": -21.96985626220703, "IL_loss": 0.04017690569162369, "_timestamp": 1724298783.1632276, "_runtime": 211.08835649490356, "_step": 99, "_wandb": {"runtime": 210}}