{"test_returns": -8.242243766784668, "IL_loss": 0.04017690569162369, "_timestamp": 1724312184.962423, "_runtime": 208.0094621181488, "_step": 99, "_wandb": {"runtime": 207}}