{"test_return": -137.15284729003906, "IL_loss": 0.0047083282843232155, "_timestamp": 1724302770.9976547, "_runtime": 665.1451156139374, "_step": 99, "_wandb": {"runtime": 664}}