{"test_returns": -6.997287750244141, "IL_loss": 0.04017690569162369, "_timestamp": 1724301510.2732034, "_runtime": 210.29108929634094, "_step": 99, "_wandb": {"runtime": 210}}