{"test_return": -38.63147735595703, "IL_loss": 0.0566701665520668, "_timestamp": 1724300973.3545327, "_runtime": 220.3491678237915, "_step": 99, "_wandb": {"runtime": 220}}