{"test_returns": -11.637678146362305, "IL_loss": 0.04017690569162369, "_timestamp": 1724304450.4081147, "_runtime": 211.1891746520996, "_step": 99, "_wandb": {"runtime": 210}}