{"test_returns": -9.356420516967773, "IL_loss": 0.04017690569162369, "_timestamp": 1724310131.2441463, "_runtime": 213.1262993812561, "_step": 99, "_wandb": {"runtime": 212}}