{"test_return": -134.11807250976562, "IL_loss": 0.0047083282843232155, "_timestamp": 1724300156.4935825, "_runtime": 665.5025084018707, "_step": 99, "_wandb": {"runtime": 665}}