{"test_returns": -7.181488037109375, "IL_loss": 0.04017690569162369, "_timestamp": 1724295135.9977777, "_runtime": 209.35862064361572, "_step": 99, "_wandb": {"runtime": 209}}