{"test_returns": 5.4599127769470215, "IL_loss": 0.04017690569162369, "_timestamp": 1724305588.4730225, "_runtime": 211.25100255012512, "_step": 99, "_wandb": {"runtime": 211}}