{"test_returns": -22.1380615234375, "IL_loss": 0.04017690569162369, "_timestamp": 1724299471.1521654, "_runtime": 209.9709804058075, "_step": 99, "_wandb": {"runtime": 209}}