{"test_return": -21.848876953125, "IL_loss": 0.029469376429915428, "_timestamp": 1724296850.129541, "_runtime": 277.6551978588104, "_step": 99, "_wandb": {"runtime": 277}}