{"test_return": -157.2025146484375, "IL_loss": 0.0047083282843232155, "_timestamp": 1724296560.3960648, "_runtime": 663.8579306602478, "_step": 99, "_wandb": {"runtime": 663}}