{"test_return": -73.86203002929688, "IL_loss": 0.01474796887487173, "_timestamp": 1724315375.2390323, "_runtime": 664.8336663246155, "_step": 99, "_wandb": {"runtime": 664}}