{"virtual_returns": 10.0, "timestep": 100000, "updates": 1250, "loss": 14.231742858886719, "q_loss": 2.493586301803589, "v_loss": 0.6907119750976562, "test_virtual_returns": 1918.4432373046875, "_timestamp": 1726490389.071683, "_runtime": 183.57711601257324, "_step": 1249, "_wandb": {"runtime": 183}}