{"test_returns": 12.352334976196289, "IL_loss": 0.04017690569162369, "_timestamp": 1724311964.2684639, "_runtime": 209.801433801651, "_step": 99, "_wandb": {"runtime": 209}}