{"test_returns": 1.4991388320922852, "IL_loss": 0.04017690569162369, "_timestamp": 1724308771.3662724, "_runtime": 208.92137145996094, "_step": 99, "_wandb": {"runtime": 209}}