{"test_return": -28.471277236938477, "IL_loss": 0.0566701665520668, "_timestamp": 1724312185.7154589, "_runtime": 222.68537998199463, "_step": 99, "_wandb": {"runtime": 222}}