{"test_returns": 14.048891067504883, "IL_loss": 0.04017690569162369, "_timestamp": 1724296745.3056033, "_runtime": 211.64664816856384, "_step": 99, "_wandb": {"runtime": 211}}