{"test_returns": -49.507164001464844, "IL_loss": 0.03440137207508087, "_timestamp": 1724292108.2718928, "_runtime": 347.85400772094727, "_step": 99, "_wandb": {"runtime": 347}}