{"test_return": -27.814754486083984, "IL_loss": 0.029469376429915428, "_timestamp": 1724326816.6795235, "_runtime": 297.59993958473206, "_step": 99, "_wandb": {"runtime": 297}}