{"halfcheetah-medium-expert-v2/normalized_score": 52.46341165936187, "_timestamp": 1726884915.4697163, "_runtime": 113.26884722709656, "_step": 7000, "_wandb": {"runtime": 116}}