{"test_returns": -5.382734298706055, "IL_loss": 0.04017690569162369, "_timestamp": 1724311277.7239695, "_runtime": 213.4318504333496, "_step": 99, "_wandb": {"runtime": 213}}