{"test_returns": -5.958034515380859, "IL_loss": 0.04017690569162369, "_timestamp": 1724293340.0201962, "_runtime": 211.67977619171143, "_step": 99, "_wandb": {"runtime": 211}}