{"test_return": -38.17816162109375, "IL_loss": 0.018677258864045143, "_timestamp": 1724294006.568774, "_runtime": 665.6747879981995, "_step": 99, "_wandb": {"runtime": 665}}