{"test_return": -1369.672607421875, "IL_loss": 0.005582243204116821, "_timestamp": 1726866316.2554617, "_runtime": 1684.237960577011, "_step": 99, "_wandb": {"runtime": 1686}}