{"test_return": -24.31810760498047, "IL_loss": 0.029469376429915428, "_timestamp": 1724290677.709116, "_runtime": 278.9772379398346, "_step": 99, "_wandb": {"runtime": 278}}