{"test_return": -17.078227996826172, "IL_loss": 0.037513766437768936, "_timestamp": 1724303826.9120831, "_runtime": 218.76283407211304, "_step": 99, "_wandb": {"runtime": 218}}