{"test_return": -19.86667251586914, "IL_loss": 0.037513766437768936, "_timestamp": 1724321468.557766, "_runtime": 228.5063419342041, "_step": 99, "_wandb": {"runtime": 228}}