{"test_returns": -2.811767578125, "IL_loss": 0.04017690569162369, "_timestamp": 1724304679.3620236, "_runtime": 211.53983068466187, "_step": 99, "_wandb": {"runtime": 211}}