{"test_returns": -15.832098960876465, "IL_loss": 0.04017690569162369, "_timestamp": 1724298106.3234656, "_runtime": 207.85778260231018, "_step": 99, "_wandb": {"runtime": 207}}