{"test_returns": 9.869674682617188, "IL_loss": 0.04017690569162369, "_timestamp": 1724309455.0051541, "_runtime": 217.94357705116272, "_step": 99, "_wandb": {"runtime": 217}}