{"virtual_returns": 10.0, "timestep": 100000, "updates": 1250, "loss": 35.892494201660156, "q_loss": 7.913932800292969, "v_loss": 3.546332597732544, "test_virtual_returns": 1918.4427490234375, "_timestamp": 1726493385.778178, "_runtime": 176.38828897476196, "_step": 1249, "_wandb": {"runtime": 176}}