{"test_returns": -13.454144477844238, "IL_loss": 0.04017690569162369, "_timestamp": 1724293565.5786002, "_runtime": 212.5299632549286, "_step": 99, "_wandb": {"runtime": 212}}