{"virtual_returns": 10.0, "timestep": 100000, "updates": 1250, "loss": 3.8174285888671875, "q_loss": 6.637018203735352, "v_loss": 2.7646844387054443, "test_virtual_returns": 1918.4437255859375, "_timestamp": 1726488862.1978197, "_runtime": 187.70798182487488, "_step": 1249, "_wandb": {"runtime": 187}}