{"test_returns": 13.272747993469238, "IL_loss": 0.04017690569162369, "_timestamp": 1724311512.822143, "_runtime": 215.06527519226074, "_step": 99, "_wandb": {"runtime": 214}}