{"test_returns": -2.9056601524353027, "IL_loss": 0.04017690569162369, "_timestamp": 1724293117.0217364, "_runtime": 212.88518643379211, "_step": 99, "_wandb": {"runtime": 212}}