{"test_return": -155.88148498535156, "IL_loss": 0.0047083282843232155, "_timestamp": 1724311949.2708507, "_runtime": 666.540602684021, "_step": 99, "_wandb": {"runtime": 666}}