{"test_return": -43.96891784667969, "IL_loss": 0.05236713960766792, "_timestamp": 1724299477.0353591, "_runtime": 278.3632972240448, "_step": 99, "_wandb": {"runtime": 278}}