{"test_returns": -65.81244659423828, "IL_loss": 0.03440137207508087, "_timestamp": 1724291739.986233, "_runtime": 352.085825920105, "_step": 99, "_wandb": {"runtime": 351}}