{"test_return": -60.25949478149414, "IL_loss": 0.018677258864045143, "_timestamp": 1724304509.8661313, "_runtime": 661.4404191970825, "_step": 99, "_wandb": {"runtime": 661}}