{"test_return": -18.636455535888672, "IL_loss": 0.029469376429915428, "_timestamp": 1724310965.9702318, "_runtime": 278.93185782432556, "_step": 99, "_wandb": {"runtime": 278}}